lat_grid,lon_grid,latitude,longitude,location,police_station,total_violations,avg_weight,vehicle_distribution,hotspot_id,free_flow_speed,actual_speed,speed_reduction,congestion_score,priority
12.981,77.61,12.981083513578422,77.61013528841559,"Kamaraj Road, Sri Nagamma Devi Circle, Sivanchetti Gardens, Bengaluru, Karnataka. Pin-560042 (India)",Shivajinagar,4411,1.1570392201314896,"{""PASSENGER AUTO"": 3120, ""SCOOTER"": 517, ""CAR"": 477, ""MOTOR CYCLE"": 131, ""LGV"": 65}",HS_001,40.0,12.0,0.7,1339.7,CRITICAL
12.964,77.577,12.964077901563494,77.5768995240612,"KR Main Road, City Market Circle, Bengaluru, Karnataka. Pin-560002 (India)",City Market,3745,0.8993591455273698,"{""SCOOTER"": 1598, ""PASSENGER AUTO"": 1176, ""CAR"": 368, ""MOTOR CYCLE"": 367, ""LGV"": 119}",HS_002,40.0,12.0,0.7,884.1,CRITICAL
12.934,77.691,12.933868001674734,77.69086837725041,"New Horizon College Road, New Horizon College of Engineering, Kadubisanahalli, Bengaluru, Karnataka. Pin-560103 (India)",HAL Old Airport,3343,0.5777445408315884,"{""SCOOTER"": 1968, ""MOTOR CYCLE"": 1087, ""CAR"": 137, ""MAXI-CAB"": 61, ""MOPED"": 56}",HS_003,40.0,12.0,0.7,507.0,CRITICAL
13.071,77.588,13.071189507711754,77.58803781578963,"Sahakar Nagar Road, Fortuna Acacia, Byatarayanapura, Bengaluru, Karnataka. Pin-560092 (India)",Kodigehalli,3280,0.563140243902439,"{""SCOOTER"": 2107, ""MOTOR CYCLE"": 965, ""CAR"": 186, ""PASSENGER AUTO"": 10, ""LGV"": 3}",HS_004,40.0,12.0,0.7,484.9,CRITICAL
12.977,77.576,12.977186446651997,77.57613171631563,"6th Main Road, RK Puram, Gandhi Nagar, Bengaluru, Karnataka. Pin-560009 (India)",Upparpet,3181,0.7589122917321597,"{""SCOOTER"": 1551, ""MOTOR CYCLE"": 696, ""PASSENGER AUTO"": 443, ""CAR"": 330, ""MOPED"": 42}",HS_005,40.0,12.0,0.7,633.7,CRITICAL
12.933,77.691,12.93318689982447,77.69120397138695,"New Horizon College Road, Embassy Tech Village, Devara Beesana Halli, Bengaluru, Karnataka. Pin-560103 (India)",HAL Old Airport,2375,0.6120421052631578,"{""SCOOTER"": 1322, ""MOTOR CYCLE"": 747, ""CAR"": 173, ""MOPED"": 66, ""MAXI-CAB"": 29}",HS_006,40.0,15.260032877982788,0.6184991780504303,337.1,CRITICAL
12.973,77.579,12.9730881227388,77.57903576783602,"3rd Cross Road, Kempegowda Extension, Chickpete, Bengaluru, Karnataka. Pin-560009 (India)",Upparpet,2366,0.6826711749788672,"{""SCOOTER"": 1471, ""MOTOR CYCLE"": 398, ""CAR"": 205, ""MOPED"": 86, ""PASSENGER AUTO"": 76}",HS_007,40.0,13.423498326990806,0.6644125418252298,402.4,CRITICAL
13.035,77.589,13.03524438367576,77.58900244575557,"Bellary Road, Vinayaka Nagar, Hebbal, Bengaluru, Karnataka. Pin-560024 (India)",Hebbala,2284,0.7910683012259194,"{""SCOOTER"": 953, ""MOTOR CYCLE"": 633, ""CAR"": 437, ""PASSENGER AUTO"": 186, ""MAXI-CAB"": 30}",HS_008,40.0,12.0,0.7,474.3,CRITICAL
12.965,77.576,12.964683566373512,77.57617047206413,"Mysore Road, Sri Krishna Rajendra Market, Chickpete, Bengaluru, Karnataka. Pin-560002 (India)",City Market,1933,0.6444386963269528,"{""SCOOTER"": 1310, ""MOTOR CYCLE"": 330, ""CAR"": 114, ""PASSENGER AUTO"": 93, ""LGV"": 46}",HS_009,40.0,15.707809929540751,0.6073047517614812,283.7,CRITICAL
13.184,77.68,13.184071105799585,77.67971342948078,"Unnamed Road, Begur Chikkanahalli, Bengaluru, Karnataka. Pin-562149 (India)",Chikkajala,1926,1.7250778816199377,"{""CAR"": 1020, ""MAXI-CAB"": 871, ""LGV"": 13, ""SCOOTER"": 7, ""VAN"": 4}",HS_010,40.0,12.0,0.7,872.2,CRITICAL
12.977,77.577,12.977003156528578,77.57706455133717,"5th Main Road, Kempe Gowda Circle, Gandhi Nagar, Bengaluru, Karnataka. Pin-560009 (India)",Upparpet,1907,1.1283167278447823,"{""CAR"": 940, ""SCOOTER"": 465, ""MOTOR CYCLE"": 202, ""PASSENGER AUTO"": 160, ""MAXI-CAB"": 44}",HS_011,40.0,12.0,0.7,564.8,CRITICAL
12.976,77.577,12.976102326406684,77.57725434222841,"5th Main Road, Kempe Gowda Circle, Gandhi Nagar, Bengaluru, Karnataka. Pin-560009 (India)",Upparpet,1795,0.7045682451253482,"{""SCOOTER"": 1130, ""CAR"": 308, ""MOTOR CYCLE"": 249, ""MOPED"": 46, ""PASSENGER AUTO"": 35}",HS_012,40.0,13.210040887028033,0.6697489778242992,317.6,CRITICAL
12.974,77.545,12.974176691506228,77.54500246659116,"Chord Road, Manuvana, Vijaya Nagar, Bengaluru, Karnataka. Pin-560040 (India)",Vijayanagara,1766,0.5466591166477917,"{""SCOOTER"": 1156, ""MOTOR CYCLE"": 524, ""CAR"": 67, ""PASSENGER AUTO"": 12, ""OTHERS"": 2}",HS_013,40.0,18.52434415519747,0.5368913961200633,194.4,CRITICAL
12.984,77.603,12.984193884960584,77.60320002601577,"Meenakshi Koil Street, Shivaji Nagar, Bengaluru, Karnataka. Pin-560001 (India)",Shivajinagar,1649,1.1592480291085503,"{""PASSENGER AUTO"": 1298, ""SCOOTER"": 155, ""CAR"": 119, ""MOTOR CYCLE"": 36, ""MAXI-CAB"": 16}",HS_014,40.0,12.0,0.7,501.8,CRITICAL
12.984,77.604,12.98400044196319,77.6036676590184,"Central Street, Shivaji Nagar, Bengaluru, Karnataka. Pin-560001 (India)",Shivajinagar,1630,1.1838650306748464,"{""PASSENGER AUTO"": 1314, ""CAR"": 158, ""SCOOTER"": 105, ""MOTOR CYCLE"": 27, ""MAXI-CAB"": 9}",HS_015,40.0,12.0,0.7,506.5,CRITICAL
12.97,77.576,12.969908750137181,77.57573016455927,"AS Char Main Road, Chickpet Circle, Chickpete, Bengaluru, Karnataka. Pin-560053 (India)",City Market,1591,0.8791954745443117,"{""SCOOTER"": 653, ""PASSENGER AUTO"": 430, ""MOTOR CYCLE"": 289, ""LGV"": 132, ""CAR"": 36}",HS_016,40.0,15.917572940879403,0.602060676478015,315.8,CRITICAL
13.008,77.695,13.00820255826859,77.6951456610457,"MBT Road, Devasandra Junction, KR Puram, Bengaluru, Karnataka. Pin-560036 (India)",K.R. Pura,1429,0.9791462561231631,"{""SCOOTER"": 516, ""PASSENGER AUTO"": 330, ""CAR"": 286, ""MOTOR CYCLE"": 169, ""LGV"": 39}",HS_017,40.0,15.186546542242773,0.6203363364439307,325.5,CRITICAL
12.982,77.608,12.981729046022725,77.60815689673296,"Dispensary Road, Tasker Town, Shivaji Nagar, Bengaluru, Karnataka. Pin-560001 (India)",Shivajinagar,1408,0.9890625,"{""PASSENGER AUTO"": 518, ""SCOOTER"": 469, ""CAR"": 284, ""MOTOR CYCLE"": 104, ""LGV"": 11}",HS_018,40.0,13.96246141020658,0.6509384647448355,339.9,CRITICAL
12.965,77.539,12.964869075141687,77.5388754314141,"Sri Sankasta Hara Ganapati Temple Road, RPC Layout, Vijaya Nagar Stage 2, Bengaluru, Karnataka. Pin-560104 (India)",Vijayanagara,1402,0.6923680456490727,"{""SCOOTER"": 853, ""MOTOR CYCLE"": 267, ""CAR"": 195, ""PASSENGER AUTO"": 51, ""GOODS AUTO"": 11}",HS_019,40.0,20.84782988814731,0.4788042527963173,174.3,CRITICAL
12.98,77.607,12.979780905111111,77.607192028,"Main Guard Cross Road, Tasker Town, Shivaji Nagar, Bengaluru, Karnataka. Pin-560001 (India)",Shivajinagar,1350,0.8797777777777777,"{""SCOOTER"": 577, ""CAR"": 382, ""MOTOR CYCLE"": 261, ""PASSENGER AUTO"": 71, ""MAXI-CAB"": 32}",HS_020,40.0,18.437125158811753,0.5390718710297062,240.1,CRITICAL
13.0,77.55,13.000026266409181,77.54983345235279,"WOC Road, Block 1, Rajaji Nagar, Bengaluru, Karnataka. Pin-560010 (India)",Malleshwaram,1327,0.7163526752072343,"{""SCOOTER"": 696, ""MOTOR CYCLE"": 304, ""CAR"": 257, ""MOPED"": 33, ""PASSENGER AUTO"": 23}",HS_021,40.0,20.069882631665724,0.4982529342083569,177.6,CRITICAL
12.975,77.576,12.975338713625685,77.57613988888019,"Kempegowda Road, Kempe Gowda Circle, Gandhi Nagar, Bengaluru, Karnataka. Pin-560009 (India)",Upparpet,1277,0.8235708692247453,"{""SCOOTER"": 649, ""CAR"": 216, ""MOTOR CYCLE"": 189, ""PASSENGER AUTO"": 150, ""MAXI-CAB"": 26}",HS_022,40.0,21.387536836087754,0.4653115790978061,183.5,CRITICAL
12.977,77.58,12.976957232935561,77.57998196475735,"1st Main Road, Maharani College Junction, Gandhi Nagar, Bengaluru, Karnataka. Pin-560009 (India)",Upparpet,1257,1.38703261734288,"{""CAR"": 541, ""PASSENGER AUTO"": 156, ""SCOOTER"": 131, ""LGV"": 114, ""MOTOR CYCLE"": 91}",HS_023,40.0,12.0,0.7,457.7,CRITICAL
12.965,77.584,12.964926944929925,77.58404453948887,"Pailwan M Krishnappa Road, Shoukath Mohalla, Nagartapete, Bengaluru, Karnataka. Pin-560002 (India)",Halasuru Gate,1213,0.7348722176422094,"{""SCOOTER"": 618, ""MOTOR CYCLE"": 299, ""CAR"": 122, ""PASSENGER AUTO"": 106, ""LGV"": 31}",HS_024,40.0,22.43082894023785,0.4392292764940538,146.8,CRITICAL
12.976,77.578,12.976055779867442,77.57815207067108,"3rd Main Road, Sri Kanakadasa Circle, Gandhi Nagar, Bengaluru, Karnataka. Pin-560009 (India)",Upparpet,1207,0.7237779618889809,"{""SCOOTER"": 705, ""CAR"": 236, ""MOTOR CYCLE"": 205, ""MOPED"": 26, ""PASSENGER AUTO"": 19}",HS_025,40.0,22.159580094697787,0.4460104976325553,146.1,CRITICAL
12.976,77.576,12.975883411158431,77.57604460681432,"Subedar Chatram Road, Kempe Gowda Circle, Gandhi Nagar, Bengaluru, Karnataka. Pin-560009 (India)",Upparpet,1174,0.8973594548551959,"{""SCOOTER"": 499, ""CAR"": 255, ""PASSENGER AUTO"": 185, ""MOTOR CYCLE"": 156, ""MAXI-CAB"": 24}",HS_026,40.0,17.48644423164192,0.5628388942089521,222.4,CRITICAL
12.978,77.574,12.97803048706084,77.573882588946,"Major T Ramachandrappa Road, AT Extension, Gandhi Nagar, Bengaluru, Karnataka. Pin-560009 (India)",Upparpet,1167,1.284318766066838,"{""CAR"": 401, ""SCOOTER"": 245, ""PASSENGER AUTO"": 204, ""MOTOR CYCLE"": 108, ""PRIVATE BUS"": 63}",HS_027,40.0,14.31995730704984,0.642001067323754,360.8,CRITICAL
12.972,77.658,12.971739609501324,77.65810400662961,"Pusa Thippasandra Main Road, Nada Prabhu Kempegowda Circle, New Thippasandra, Bengaluru, Karnataka. Pin-560075 (India)",Jeevanbheemanagar,1165,0.8466952789699571,"{""SCOOTER"": 486, ""CAR"": 319, ""MOTOR CYCLE"": 249, ""PASSENGER AUTO"": 81, ""JEEP"": 10}",HS_028,40.0,20.11859336951833,0.49703516576204176,183.9,CRITICAL
12.982,77.61,12.981856719789842,77.61018913502627,"Kamaraj Road, Sri Nagamma Devi Circle, Sivanchetti Gardens, Bengaluru, Karnataka. Pin-560042 (India)",Shivajinagar,1142,0.9422942206654991,"{""SCOOTER"": 454, ""PASSENGER AUTO"": 288, ""CAR"": 244, ""MOTOR CYCLE"": 115, ""LGV"": 16}",HS_029,40.0,18.30401258682775,0.5423996853293063,218.9,CRITICAL
12.983,77.611,12.982900600267142,77.61074823365983,"Kamaraj Road, Sri Nagamma Devi Circle, Sivanchetti Gardens, Bengaluru, Karnataka. Pin-560042 (India)",Shivajinagar,1123,0.8566340160284951,"{""SCOOTER"": 516, ""CAR"": 225, ""PASSENGER AUTO"": 209, ""MOTOR CYCLE"": 153, ""LGV"": 11}",HS_030,40.0,23.291297523680015,0.41771756190799963,150.7,CRITICAL
12.982,77.606,12.98203888522829,77.60631703724262,"Hospital Cross Road, Tasker Town, Shivaji Nagar, Bengaluru, Karnataka. Pin-560001 (India)",Shivajinagar,1117,0.5410026857654431,"{""SCOOTER"": 754, ""MOTOR CYCLE"": 309, ""CAR"": 28, ""PASSENGER AUTO"": 18, ""MOPED"": 3}",HS_031,40.0,25.29023088859137,0.36774422778521576,83.3,HIGH
12.974,77.551,12.973672371273713,77.55116188726286,"1st Cross Road, Mallige Thotta, Cholurpalya, Bengaluru, Karnataka. Pin-560023 (India)",Magadi Road,1107,0.5591689250225835,"{""SCOOTER"": 767, ""MOTOR CYCLE"": 269, ""PASSENGER AUTO"": 25, ""CAR"": 21, ""GOODS AUTO"": 6}",HS_032,40.0,27.69185525787625,0.3077036185530938,71.4,HIGH
12.973,77.551,12.973418069773757,77.55100289954751,"1st Cross Road, Mallige Thotta, Cholurpalya, Bengaluru, Karnataka. Pin-560023 (India)",Magadi Road,1105,0.5121266968325793,"{""SCOOTER"": 798, ""MOTOR CYCLE"": 286, ""PASSENGER AUTO"": 12, ""CAR"": 5, ""MOPED"": 4}",HS_033,40.0,29.12119044208832,0.271970238947792,57.7,HIGH
12.974,77.579,12.973678509740258,77.57910280807052,"3rd Cross Road, Kempegowda Extension, Chickpete, Bengaluru, Karnataka. Pin-560009 (India)",Upparpet,1078,0.8886827458256029,"{""SCOOTER"": 450, ""CAR"": 256, ""MOTOR CYCLE"": 169, ""PASSENGER AUTO"": 61, ""MOPED"": 55}",HS_034,40.0,17.936686776480002,0.551582830588,198.2,CRITICAL
12.981,77.608,12.98100116592179,77.6077313802607,"Main Guard Cross Road, Tasker Town, Shivaji Nagar, Bengaluru, Karnataka. Pin-560001 (India)",Shivajinagar,1074,0.7340782122905026,"{""SCOOTER"": 622, ""CAR"": 172, ""MOTOR CYCLE"": 158, ""PASSENGER AUTO"": 73, ""MOPED"": 26}",HS_035,40.0,20.380207801552647,0.4904948049611838,145.0,CRITICAL
12.981,77.609,12.981358564951357,77.60890098808918,"Dispensary Road, Tasker Town, Shivaji Nagar, Bengaluru, Karnataka. Pin-560001 (India)",Shivajinagar,1074,1.1590316573556796,"{""CAR"": 521, ""SCOOTER"": 249, ""PASSENGER AUTO"": 200, ""MOTOR CYCLE"": 68, ""MAXI-CAB"": 18}",HS_036,40.0,14.477615911301235,0.6380596022174692,297.8,CRITICAL
12.978,77.575,12.977949901159421,77.575375622029,"Subedar Chatram Road, RK Puram, Gandhi Nagar, Bengaluru, Karnataka. Pin-560009 (India)",Upparpet,1035,0.8988405797101449,"{""SCOOTER"": 392, ""MOTOR CYCLE"": 226, ""CAR"": 166, ""PASSENGER AUTO"": 138, ""MAXI-CAB"": 46}",HS_037,40.0,22.21781738495978,0.4445545653760055,155.1,CRITICAL
12.98,77.575,12.980005151113264,77.57488847192643,"Subedar Chatram Road, Anand Rao Circle, Gandhi Nagar, Bengaluru, Karnataka. Pin-560009 (India)",Upparpet,1033,1.113165537270087,"{""PASSENGER AUTO"": 325, ""CAR"": 258, ""SCOOTER"": 236, ""MOTOR CYCLE"": 117, ""LGV"": 23}",HS_038,40.0,20.1654673159617,0.49586331710095755,213.8,CRITICAL
13.008,77.696,13.008191010960234,77.6957563456838,"MBT Road, Devasandra Junction, KR Puram, Bengaluru, Karnataka. Pin-560036 (India)",K.R. Pura,1031,1.039282250242483,"{""PASSENGER AUTO"": 424, ""SCOOTER"": 283, ""CAR"": 157, ""MOTOR CYCLE"": 95, ""LGV"": 38}",HS_039,40.0,17.82210184092706,0.5544474539768235,222.8,CRITICAL
12.975,77.545,12.974615745994065,77.54510551097923,"1st Cross Road, Manuvana, Vijaya Nagar, Bengaluru, Karnataka. Pin-560040 (India)",Vijayanagara,1011,0.5704253214638971,"{""SCOOTER"": 621, ""MOTOR CYCLE"": 319, ""CAR"": 58, ""PASSENGER AUTO"": 4, ""MOPED"": 2}",HS_040,40.0,26.708585037562393,0.33228537406094016,71.9,HIGH
12.977,77.571,12.977245286354579,77.57075488555778,"Rao Bahadur DGT Road, Majestic Circle, Majestic, Bengaluru, Karnataka. Pin-560023 (India)",Chamarajpet,1004,1.19003984063745,"{""PASSENGER AUTO"": 905, ""SCOOTER"": 36, ""CAR"": 36, ""MOTOR CYCLE"": 12, ""TEMPO"": 4}",HS_041,40.0,19.345770590931334,0.5163557352267166,231.4,CRITICAL
12.999,77.549,12.999164215741674,77.54889431291625,"10th Cross Road, Block 1, Rajaji Nagar, Bengaluru, Karnataka. Pin-560010 (India)",Rajajinagar,991,0.5546922300706357,"{""SCOOTER"": 624, ""MOPED"": 184, ""MOTOR CYCLE"": 125, ""CAR"": 34, ""PASSENGER AUTO"": 17}",HS_042,40.0,26.78343853933238,0.3304140365166905,68.1,HIGH
13.012,77.554,13.012158996243656,77.55425723746193,"80 Feet Ring Road, Orion, Brigade Gateway, Malleshwaram West, Bengaluru, Karnataka. Pin-560055 (India)",Malleshwaram,985,1.0542131979695433,"{""PASSENGER AUTO"": 351, ""SCOOTER"": 227, ""CAR"": 206, ""MOTOR CYCLE"": 133, ""MAXI-CAB"": 50}",HS_043,40.0,22.21766887330869,0.44455827816728277,173.1,CRITICAL
12.964,77.578,12.96426383380206,77.57801883664078,"Silver Jubilee Park Road, City Market Circle, Bengaluru, Karnataka. Pin-560002 (India)",City Market,980,0.9089795918367346,"{""SCOOTER"": 479, ""PASSENGER AUTO"": 168, ""CAR"": 133, ""MOTOR CYCLE"": 90, ""LGV"": 70}",HS_044,40.0,19.18207758752731,0.5204480603118172,173.9,CRITICAL
12.981,77.598,12.981066963868987,77.59841022405321,"Cunningham Road, Mantri Altiue Apartment, Shivaji Nagar, Bengaluru, Karnataka. Pin-560001 (India)",Shivajinagar,977,0.5341862845445241,"{""SCOOTER"": 710, ""MOTOR CYCLE"": 230, ""CAR"": 19, ""PASSENGER AUTO"": 12, ""MAXI-CAB"": 2}",HS_045,40.0,28.6188201103999,0.28452949724000254,55.7,HIGH
12.94,77.696,12.939754216996175,77.69561074316533,"Kadubeesanahalli Underpass, Kadubisanahalli Junction, Kadubisanahalli, Bengaluru, Karnataka. Pin-560103 (India)",HAL Old Airport,969,1.515376676986584,"{""CAR"": 646, ""PASSENGER AUTO"": 202, ""BUS (BMTC/KSRTC)"": 41, ""TEMPO"": 29, ""MOTOR CYCLE"": 11}",HS_046,40.0,12.0,0.7,385.5,CRITICAL
12.977,77.579,12.976927790585775,77.57893662405858,"Y Ramachandra Road, Sri Kanakadasa Circle, Gandhi Nagar, Bengaluru, Karnataka. Pin-560009 (India)",Upparpet,956,1.2583682008368198,"{""CAR"": 536, ""SCOOTER"": 184, ""MOTOR CYCLE"": 78, ""LGV"": 48, ""PASSENGER AUTO"": 42}",HS_047,40.0,18.08473354346354,0.5478816614134115,247.2,CRITICAL
12.979,77.579,12.978925095142827,77.57901698837796,"Vajreshwari Road, Jakkarayana Kere, Gandhi Nagar, Bengaluru, Karnataka. Pin-560009 (India)",Upparpet,952,1.4463235294117645,"{""CAR"": 751, ""SCOOTER"": 47, ""MAXI-CAB"": 36, ""PASSENGER AUTO"": 33, ""LGV"": 24}",HS_048,40.0,14.22609187293314,0.6443477031766716,332.7,CRITICAL
12.979,77.575,12.978962872310968,77.57506764696485,"Subedar Chatram Road, AT Extension, Gandhi Nagar, Bengaluru, Karnataka. Pin-560009 (India)",Upparpet,939,1.3043663471778488,"{""CAR"": 425, ""PASSENGER AUTO"": 186, ""SCOOTER"": 129, ""MAXI-CAB"": 83, ""MOTOR CYCLE"": 63}",HS_049,40.0,16.347738323940323,0.5913065419014919,271.6,CRITICAL
12.964,77.584,12.96413750526316,77.58395573222342,"Pailwan M Krishnappa Road, Shoukath Mohalla, Nagartapete, Bengaluru, Karnataka. Pin-560002 (India)",Halasuru Gate,931,0.6980665950590763,"{""SCOOTER"": 523, ""MOTOR CYCLE"": 205, ""PASSENGER AUTO"": 93, ""CAR"": 59, ""LGV"": 21}",HS_050,40.0,27.14237326684684,0.321440668328829,78.3,HIGH
12.999,77.55,12.999232978798174,77.54973965705392,"10th Cross Road, Block 1, Rajaji Nagar, Bengaluru, Karnataka. Pin-560010 (India)",Rajajinagar,909,0.899009900990099,"{""SCOOTER"": 381, ""CAR"": 313, ""MOTOR CYCLE"": 131, ""PASSENGER AUTO"": 55, ""MOPED"": 16}",HS_051,40.0,19.92449223341265,0.5018876941646837,153.8,CRITICAL
12.974,77.578,12.974042147986577,77.57824473758387,"1st Cross Road, Kempegowda Maharaja Complex, Kempegowda Extension, Chickpete, Bengaluru, Karnataka. Pin-560009 (India)",Upparpet,894,1.2238255033557046,"{""CAR"": 384, ""PASSENGER AUTO"": 152, ""SCOOTER"": 143, ""MOTOR CYCLE"": 82, ""LGV"": 54}",HS_052,40.0,16.93770305983331,0.5765574235041673,236.6,CRITICAL
13.008,77.571,13.007957888356167,77.5710978421233,"Sri Venkataranga Ayangar Road, Malleshwaram 18th Cross Junction, Malleshwaram West, Bengaluru, Karnataka. Pin-560055 (India)",Malleshwaram,876,1.1121004566210044,"{""CAR"": 478, ""SCOOTER"": 217, ""MOTOR CYCLE"": 109, ""PASSENGER AUTO"": 53, ""GOODS AUTO"": 5}",HS_053,40.0,17.750006350614868,0.5562498412346283,203.2,CRITICAL
12.979,77.578,12.97900845532646,77.5781148609393,"Vajreshwari Road, R Subanna Circle, Gandhi Nagar, Bengaluru, Karnataka. Pin-560001 (India)",Upparpet,873,1.4207331042382592,"{""CAR"": 660, ""SCOOTER"": 67, ""MAXI-CAB"": 46, ""MOTOR CYCLE"": 30, ""LGV"": 25}",HS_054,40.0,14.026535897434105,0.6493366025641474,302.0,CRITICAL
13.009,77.555,13.008763731962397,77.55499768190364,"Pipeline Road, Dr Rajkumar Road 17th Cross Junction, Rajaji Nagar, Bengaluru, Karnataka. Pin-560010 (India)",Malleshwaram,851,0.7764982373678025,"{""SCOOTER"": 453, ""CAR"": 221, ""MOTOR CYCLE"": 161, ""PASSENGER AUTO"": 8, ""JEEP"": 3}",HS_055,40.0,24.500600127133488,0.3874849968216628,96.0,HIGH
12.968,77.575,12.9680899244284,77.57472526486161,"AS Char Main Road, Santhusapete, Chickpete, Bengaluru, Karnataka. Pin-560053 (India)",Chamarajpet,831,1.2679903730445246,"{""PASSENGER AUTO"": 379, ""LGV"": 152, ""SCOOTER"": 137, ""GOODS AUTO"": 70, ""CAR"": 53}",HS_056,40.0,16.6632545898613,0.5834186352534675,230.5,CRITICAL
12.965,77.718,12.964931532363636,77.71815684278788,"ITPL Main Road, Brigade Tech Gardens, Brookefield, Bengaluru, Karnataka. Pin-560037 (India)",HAL Old Airport,825,1.2343030303030302,"{""MAXI-CAB"": 253, ""SCOOTER"": 163, ""PASSENGER AUTO"": 160, ""MOTOR CYCLE"": 145, ""CAR"": 82}",HS_057,40.0,22.194544987688484,0.4451363753077879,170.0,CRITICAL
12.996,77.668,12.996026826650292,77.66815317967449,"Old Madras Road, Royal Heritage, Pai Layout, Mahadevapura, Bengaluru, Karnataka. Pin-560016 (India)",Mahadevapura,824,1.0864077669902912,"{""SCOOTER"": 257, ""PASSENGER AUTO"": 158, ""MOTOR CYCLE"": 150, ""CAR"": 133, ""MAXI-CAB"": 35}",HS_058,40.0,23.39610282548513,0.41509742936287175,139.3,CRITICAL
12.974,77.546,12.974351490159902,77.545854200492,"Chord Road, Manuvana, Vijaya Nagar, Bengaluru, Karnataka. Pin-560040 (India)",Vijayanagara,813,0.5119311193111931,"{""SCOOTER"": 503, ""MOTOR CYCLE"": 300, ""CAR"": 9, ""PASSENGER AUTO"": 1}",HS_059,40.0,31.485636266536773,0.21285909333658068,33.2,NORMAL
12.978,77.579,12.977991725558313,77.57920324540943,"2nd Main Road, Jakkarayana Kere, Gandhi Nagar, Bengaluru, Karnataka. Pin-560009 (India)",Upparpet,806,1.335359801488834,"{""CAR"": 568, ""SCOOTER"": 105, ""MOTOR CYCLE"": 34, ""PASSENGER AUTO"": 33, ""MAXI-CAB"": 31}",HS_060,40.0,19.903518015420413,0.5024120496144897,202.8,CRITICAL
13.011,77.555,13.011112943105589,77.55459527565216,"80 Feet Ring Road, Orion, Brigade Gateway, Malleshwaram West, Bengaluru, Karnataka. Pin-560055 (India)",Malleshwaram,805,1.0363975155279503,"{""PASSENGER AUTO"": 240, ""SCOOTER"": 217, ""CAR"": 144, ""MOTOR CYCLE"": 123, ""MAXI-CAB"": 74}",HS_061,40.0,23.153436261863106,0.4211640934534223,131.8,CRITICAL
12.978,77.577,12.97773967340824,77.57705885518102,"5th Main Road, RK Puram, Gandhi Nagar, Bengaluru, Karnataka. Pin-560009 (India)",Upparpet,801,1.100749063670412,"{""CAR"": 358, ""SCOOTER"": 223, ""MOTOR CYCLE"": 86, ""PASSENGER AUTO"": 76, ""MAXI-CAB"": 25}",HS_062,40.0,23.146405809356626,0.4213398547660844,139.3,CRITICAL
13.07,77.588,13.070340553914141,77.5876889209596,"Ayyappa Temple Road, Fortune Acacia, Byatarayanapura, Bengaluru, Karnataka. Pin-560092 (India)",Kodigehalli,792,0.7127525252525253,"{""SCOOTER"": 430, ""MOTOR CYCLE"": 192, ""CAR"": 158, ""PASSENGER AUTO"": 9, ""LGV"": 1}",HS_063,40.0,24.560074945088424,0.3859981263727894,81.7,HIGH
13.012,77.553,13.012187631043256,77.55290540114503,"Da Ra Bendre Road, Phoenix Kessaku, Rajaji Nagar, Bengaluru, Karnataka. Pin-560010 (India)",Malleshwaram,786,1.3286259541984733,"{""CAR"": 559, ""SCOOTER"": 77, ""PASSENGER AUTO"": 63, ""MOTOR CYCLE"": 51, ""MAXI-CAB"": 12}",HS_064,40.0,20.194980039838466,0.49512549900403835,193.9,CRITICAL
13.012,77.552,13.011880223536895,77.5520811851145,"Da Ra Bendre Road, Kirloskar Foundry, Yeshwanthpur Suburb Stage 2, Yeshwanthpur, Bengaluru, Karnataka. Pin-560022 (India)",Malleshwaram,786,1.2917302798982186,"{""CAR"": 461, ""PASSENGER AUTO"": 144, ""SCOOTER"": 80, ""MOTOR CYCLE"": 49, ""MAXI-CAB"": 17}",HS_065,40.0,21.08489294187572,0.472877676453107,180.0,CRITICAL
13.0,77.677,13.000328712671624,77.67707076429889,"Outer Ring Road, Venkatappa Colony, Mahadevapura, Bengaluru, Karnataka. Pin-560016 (India)",Mahadevapura,777,1.4023166023166023,"{""PASSENGER AUTO"": 379, ""CAR"": 260, ""MAXI-CAB"": 59, ""SCOOTER"": 22, ""MOTOR CYCLE"": 16}",HS_066,40.0,18.399823501050513,0.5400044124737372,220.6,CRITICAL
13.008,77.555,13.008209416555406,77.5547905847797,"GP Rajarathnam Road, Dr Rajkumar Road 17th Cross Junction, Rajaji Nagar, Bengaluru, Karnataka. Pin-560010 (India)",Malleshwaram,749,1.1930574098798399,"{""CAR"": 461, ""SCOOTER"": 139, ""MOTOR CYCLE"": 89, ""PASSENGER AUTO"": 31, ""MAXI-CAB"": 15}",HS_067,40.0,23.750454650151426,0.4062386337462144,136.1,CRITICAL
12.991,77.589,12.991283863855424,77.58856313842034,"Palace Road, Kalpana Circle, Vasant Nagar, Bengaluru, Karnataka. Pin-560001 (India)",High ground,747,0.509103078982597,"{""SCOOTER"": 623, ""MOTOR CYCLE"": 117, ""CAR"": 3, ""PASSENGER AUTO"": 3, ""LGV"": 1}",HS_068,40.0,27.482318115475763,0.3129420471131059,44.6,HIGH
12.977,77.578,12.976932563431784,77.57798035260197,"Y Ramachandra Road, Sri Kanakadasa Circle, Gandhi Nagar, Bengaluru, Karnataka. Pin-560009 (India)",Upparpet,711,1.20154711673699,"{""CAR"": 366, ""SCOOTER"": 166, ""MOTOR CYCLE"": 60, ""PASSENGER AUTO"": 52, ""LGV"": 16}",HS_069,40.0,24.738196137921378,0.38154509655196556,122.2,CRITICAL
12.842,77.646,12.841896206401138,77.64586001920341,"Neeladri Road, Ajmera Annex, Karuna Nagar, Doddathogur, Bengaluru, Karnataka. Pin-560100 (India)",Electronic City,703,0.6522048364153628,"{""SCOOTER"": 341, ""MOTOR CYCLE"": 266, ""CAR"": 49, ""LGV"": 18, ""PASSENGER AUTO"": 11}",HS_070,40.0,25.201178380396897,0.3699705404900776,63.6,HIGH
12.976,77.559,12.975741207554384,77.5589162250271,"G Narayana Kumar Road, Block C, KP Agrahara, Bengaluru, Karnataka. Pin-560023 (India)",Magadi Road,700,0.5605714285714285,"{""SCOOTER"": 506, ""MOTOR CYCLE"": 133, ""PASSENGER AUTO"": 32, ""CAR"": 12, ""MOPED"": 10}",HS_071,40.0,27.480531384220058,0.31298671539449857,46.1,HIGH
13.007,77.571,13.007140915429401,77.57116645050947,"Sri Venkataranga Ayangar Road, Ranganathapura, Malleshwaram, Bengaluru, Karnataka. Pin-560003 (India)",Malleshwaram,687,1.0841339155749636,"{""CAR"": 360, ""SCOOTER"": 177, ""MOTOR CYCLE"": 102, ""PASSENGER AUTO"": 30, ""JEEP"": 6}",HS_072,40.0,25.635705910794965,0.3591073522301259,100.3,CRITICAL
13.036,77.589,13.035835189382077,77.58921265941089,"Bellary Road, Vinayaka Nagar, Hebbal, Bengaluru, Karnataka. Pin-560024 (India)",Hebbala,679,0.950515463917526,"{""PASSENGER AUTO"": 238, ""SCOOTER"": 172, ""MOTOR CYCLE"": 142, ""CAR"": 96, ""MAXI-CAB"": 20}",HS_073,40.0,28.285867297258385,0.2928533175685404,70.9,HIGH
12.996,77.669,12.996340202857748,77.6688508223111,"MBT Road, Royal Heritage, Pai Layout, Mahadevapura, Bengaluru, Karnataka. Pin-560016 (India)",Mahadevapura,669,1.739013452914798,"{""PASSENGER AUTO"": 183, ""BUS (BMTC/KSRTC)"": 138, ""CAR"": 102, ""SCOOTER"": 83, ""PRIVATE BUS"": 64}",HS_074,40.0,15.656231429271,0.608594214268225,265.5,CRITICAL
12.943,77.571,12.943081131364083,77.57109295724946,"Sri DV Gundappa Road, Shopper Junction, Basavanagudi, Bengaluru, Karnataka. Pin-560004 (India)",Basavanagudi,658,0.6389057750759878,"{""SCOOTER"": 481, ""MOTOR CYCLE"": 76, ""CAR"": 67, ""PASSENGER AUTO"": 27, ""GOODS AUTO"": 3}",HS_075,40.0,27.452855936914297,0.31367860157714256,49.5,HIGH
12.994,77.589,12.994063019659444,77.58916664396284,"Palace Road, Kumar Park, Vasant Nagar, Bengaluru, Karnataka. Pin-560001 (India)",High ground,646,0.5608359133126936,"{""SCOOTER"": 481, ""MOTOR CYCLE"": 124, ""CAR"": 33, ""PASSENGER AUTO"": 4, ""VAN"": 1}",HS_076,40.0,28.191456991754077,0.2952135752061481,40.1,HIGH
13.006,77.571,13.006030674263563,77.57119869906977,"Sri Venkataranga Ayangar Road, Ranganathapura, Malleshwaram, Bengaluru, Karnataka. Pin-560003 (India)",Malleshwaram,645,1.2984496124031009,"{""CAR"": 479, ""SCOOTER"": 84, ""MOTOR CYCLE"": 52, ""LGV"": 12, ""PASSENGER AUTO"": 7}",HS_077,40.0,20.809877919884325,0.47975305200289187,150.7,CRITICAL
12.964,77.576,12.964237460314962,77.57621695181103,"Mysore Road, City Market Circle, Bengaluru, Karnataka. Pin-560002 (India)",City Market,635,1.2163779527559053,"{""SCOOTER"": 176, ""PASSENGER AUTO"": 149, ""CAR"": 132, ""LGV"": 113, ""MOTOR CYCLE"": 33}",HS_078,40.0,25.96973208959546,0.3507566977601135,101.6,CRITICAL
13.009,77.554,13.008910894089459,77.5543554830671,"80 Feet Ring Road, Dr Rajkumar Road 17th Cross Junction, Rajaji Nagar, Bengaluru, Karnataka. Pin-560010 (India)",Malleshwaram,626,1.483226837060703,"{""CAR"": 532, ""MAXI-CAB"": 45, ""SCOOTER"": 15, ""PASSENGER AUTO"": 12, ""MOTOR CYCLE"": 12}",HS_079,40.0,21.921705628734365,0.4519573592816409,157.4,CRITICAL
13.008,77.694,13.008269958333333,77.69409101730768,"MBT Road, Devasandra Junction, KR Puram, Bengaluru, Karnataka. Pin-560036 (India)",K.R. Pura,624,1.2216346153846154,"{""CAR"": 211, ""SCOOTER"": 120, ""PASSENGER AUTO"": 100, ""MOTOR CYCLE"": 50, ""LGV"": 47}",HS_080,40.0,25.870285642849222,0.35324285892876944,101.0,CRITICAL
12.982,77.607,12.982116758426965,77.60686638988766,"Dispensary Road, Tasker Town, Shivaji Nagar, Bengaluru, Karnataka. Pin-560001 (India)",Shivajinagar,623,0.8834670947030497,"{""SCOOTER"": 287, ""CAR"": 200, ""MOTOR CYCLE"": 88, ""PASSENGER AUTO"": 40, ""MAXI-CAB"": 4}",HS_081,40.0,24.56537944474644,0.385865513881339,79.6,HIGH
12.975,77.575,12.975106598858076,77.5747418848287,"Major T Ramachandrappa Road, Subash Nagar, Gandhi Nagar, Bengaluru, Karnataka. Pin-560009 (India)",Upparpet,613,1.4143556280587275,"{""CAR"": 349, ""PASSENGER AUTO"": 71, ""SCOOTER"": 59, ""MAXI-CAB"": 41, ""LGV"": 24}",HS_082,40.0,21.255211239034654,0.46861971902413363,152.4,CRITICAL
12.962,77.599,12.961869455008209,77.59900771543514,"O Shaughnessy Road, Divyasree Chambers, Langford Garden, Richmond Town, Bengaluru, Karnataka. Pin-560025 (India)",Ashok Nagar,609,0.5367816091954023,"{""SCOOTER"": 324, ""MOTOR CYCLE"": 263, ""CAR"": 14, ""MAXI-CAB"": 4, ""PASSENGER AUTO"": 2}",HS_083,40.0,31.111111850884104,0.22222220372789742,27.2,NORMAL
13.191,77.646,13.19104692420168,77.64601232672268,"Bengaluru Bellary Road, Sadahalli Gate Junction, Navarathna Agrahara, Bengaluru, Karnataka. Pin-562157 (India)",Chikkajala,595,1.5694117647058823,"{""CAR"": 438, ""MAXI-CAB"": 112, ""SCOOTER"": 12, ""MOTOR CYCLE"": 8, ""PASSENGER AUTO"": 7}",HS_084,40.0,23.61164989828386,0.40970875254290345,143.5,CRITICAL
12.998,77.553,12.998291098145025,77.55304338836426,"80 Feet Ring Road, Navarang Circle, Rajaji Nagar, Bengaluru, Karnataka. Pin-560010 (India)",Malleshwaram,593,0.7123102866779089,"{""SCOOTER"": 302, ""MOTOR CYCLE"": 162, ""CAR"": 78, ""PASSENGER AUTO"": 36, ""MAXI-CAB"": 8}",HS_085,40.0,29.79810606970603,0.25504734825734926,40.4,HIGH
13.0,77.571,12.999898999831366,77.57133267908938,"Sri Venkataranga Ayangar Road, RR Palace, Malleshwaram, Bengaluru, Karnataka. Pin-560003 (India)",Malleshwaram,593,1.2428330522765598,"{""CAR"": 298, ""PASSENGER AUTO"": 164, ""SCOOTER"": 84, ""MOTOR CYCLE"": 25, ""MAXI-CAB"": 10}",HS_086,40.0,24.99390006783952,0.37515249830401204,103.7,CRITICAL
12.981,77.611,12.981016900512822,77.61075900820512,"Dickenson Road, Sri Nagamma Devi Circle, Sivanchetti Gardens, Bengaluru, Karnataka. Pin-560042 (India)",Shivajinagar,585,1.0654700854700854,"{""PASSENGER AUTO"": 320, ""SCOOTER"": 120, ""CAR"": 93, ""MOTOR CYCLE"": 42, ""MAXI-CAB"": 5}",HS_087,40.0,24.272862929971616,0.3931784267507096,91.9,HIGH
12.964,77.579,12.964236736878217,77.57896132349914,"Silver Jubilee Park Road, Dodpete, Nagartapete, Bengaluru, Karnataka. Pin-560002 (India)",City Market,583,1.2612349914236707,"{""CAR"": 195, ""SCOOTER"": 133, ""PASSENGER AUTO"": 77, ""LGV"": 70, ""MOTOR CYCLE"": 39}",HS_088,40.0,23.145155171868723,0.4213711207032819,116.2,CRITICAL
12.965,77.575,12.964830469582546,77.57504988104668,"Mysore Road, Sri Krishna Rajendra Market, Chickpete, Bengaluru, Karnataka. Pin-560002 (India)",City Market,571,1.1686514886164623,"{""CAR"": 175, ""SCOOTER"": 155, ""PASSENGER AUTO"": 107, ""LGV"": 52, ""MOTOR CYCLE"": 31}",HS_089,40.0,22.66722354454204,0.433319411386449,108.4,CRITICAL
12.981,77.599,12.981222764084507,77.5985657306338,"Cunningham Road, Mantri Altiue Apartment, Shivaji Nagar, Bengaluru, Karnataka. Pin-560001 (India)",Shivajinagar,568,0.5353873239436621,"{""SCOOTER"": 407, ""MOTOR CYCLE"": 140, ""CAR"": 14, ""PASSENGER AUTO"": 3, ""MAXI-CAB"": 2}",HS_090,40.0,30.605210449028306,0.23486973877429235,26.8,NORMAL
12.998,77.55,12.997628180504476,77.54983185112239,"Padmabhushan Dr MC Modi Road, Star Circle, Rajaji Nagar, Bengaluru, Karnataka. Pin-560010 (India)",Vijayanagara,559,0.8654740608228979,"{""SCOOTER"": 241, ""CAR"": 146, ""MOTOR CYCLE"": 111, ""PASSENGER AUTO"": 31, ""LGV"": 6}",HS_091,40.0,30.02543452437019,0.24936413689074524,45.2,HIGH
12.945,77.571,12.945159642221752,77.57114443893218,"Sri DV Gundappa Road, Gandhi Bazar Circle, Basavanagudi, Bengaluru, Karnataka. Pin-560004 (India)",Basavanagudi,554,0.7962093862815884,"{""SCOOTER"": 280, ""MOTOR CYCLE"": 88, ""CAR"": 86, ""PASSENGER AUTO"": 86, ""LGV"": 5}",HS_092,40.0,27.104031276662027,0.3223992180834493,53.3,HIGH
12.965,77.577,12.96467524712067,77.5769534066106,"Avenue Road, City Market Circle, Bengaluru, Karnataka. Pin-560002 (India)",City Market,552,0.7769927536231884,"{""SCOOTER"": 313, ""PASSENGER AUTO"": 113, ""MOTOR CYCLE"": 65, ""CAR"": 28, ""LGV"": 14}",HS_093,40.0,27.001789708298617,0.3249552572925346,52.3,HIGH
12.979,77.581,12.978919921256933,77.5809296543438,"Vajreshwari Road, Railway Officers Enclave, Gandhi Nagar, Bengaluru, Karnataka. Pin-560009 (India)",Upparpet,541,0.9905730129390018,"{""SCOOTER"": 219, ""CAR"": 189, ""MOTOR CYCLE"": 69, ""LGV"": 19, ""PASSENGER AUTO"": 18}",HS_094,40.0,26.593836814583025,0.3351540796354244,67.4,HIGH
12.973,77.578,12.97315575503173,77.57801153858011,"Hospital Road, Kempegowda Maharaja Complex, Kempegowda Extension, Chickpete, Bengaluru, Karnataka. Pin-560009 (India)",Upparpet,532,0.8620300751879699,"{""SCOOTER"": 235, ""MOTOR CYCLE"": 88, ""CAR"": 86, ""PASSENGER AUTO"": 53, ""LGV"": 30}",HS_095,40.0,26.495196920272633,0.3376200769931842,58.1,HIGH
12.965,77.574,12.96486788423557,77.57389028437338,"AS Char Main Road, Chanda Nagar, Sultanpete, Bengaluru, Karnataka. Pin-560053 (India)",City Market,531,1.4131826741996232,"{""CAR"": 157, ""LGV"": 111, ""PASSENGER AUTO"": 82, ""SCOOTER"": 82, ""GOODS AUTO"": 34}",HS_096,40.0,23.781226421813656,0.4054693394546586,114.1,CRITICAL
13.008,77.554,13.008305926465027,77.55443590359167,"80 Feet Ring Road, Dr Rajkumar Road 17th Cross Junction, Rajaji Nagar, Bengaluru, Karnataka. Pin-560010 (India)",Malleshwaram,529,1.3776937618147447,"{""CAR"": 442, ""SCOOTER"": 41, ""MOTOR CYCLE"": 19, ""PASSENGER AUTO"": 15, ""MAXI-CAB"": 3}",HS_097,40.0,23.931603023708035,0.40170992440729913,109.8,CRITICAL
12.999,77.571,12.99929508668916,77.57131985836041,"Sri Venkataranga Ayangar Road, RR Palace, Malleshwaram, Bengaluru, Karnataka. Pin-560003 (India)",Malleshwaram,528,1.1515151515151516,"{""CAR"": 249, ""SCOOTER"": 113, ""PASSENGER AUTO"": 111, ""MOTOR CYCLE"": 40, ""JEEP"": 4}",HS_098,40.0,26.314753889848703,0.3421311527537824,78.0,HIGH
13.186,77.68,13.185936086821705,77.67991899457364,"Unnamed Road, Begur Chikkanahalli, Bengaluru, Karnataka. Pin-562149 (India)",Chikkajala,516,1.618798449612403,"{""CAR"": 384, ""MAXI-CAB"": 119, ""LGV"": 4, ""VAN"": 4, ""SCOOTER"": 2}",HS_099,40.0,25.31798523953543,0.3670503690116142,115.0,CRITICAL
13.006,77.569,13.005579353831042,77.56887769607073,"15th Cross Road, Malleshwara Extension, Malleshwaram West, Bengaluru, Karnataka. Pin-560055 (India)",Malleshwaram,509,0.7671905697445972,"{""MOTOR CYCLE"": 196, ""SCOOTER"": 173, ""CAR"": 108, ""PASSENGER AUTO"": 23, ""MAXI-CAB"": 4}",HS_100,40.0,31.495151438040175,0.21262121404899564,31.1,NORMAL
12.95,77.7,12.94997668713923,77.69972127858057,"Outer Ring Road, Soulspace Paradigm, Marathahalli Village, Marathahalli, Bengaluru, Karnataka. Pin-560037 (India)",HAL Old Airport,508,1.8045275590551182,"{""CAR"": 263, ""BUS (BMTC/KSRTC)"": 103, ""MOTOR CYCLE"": 40, ""SCOOTER"": 29, ""FACTORY BUS"": 27}",HS_101,40.0,24.060924885879594,0.39847687785301017,137.0,CRITICAL
13.006,77.686,13.005807738188976,77.68598791614173,"MBT Road, SM Layout, Dooravani Nagar, Bengaluru, Karnataka. Pin-560016 (India)",K.R. Pura,508,1.1584645669291338,"{""CAR"": 238, ""SCOOTER"": 125, ""MOTOR CYCLE"": 64, ""PASSENGER AUTO"": 37, ""TEMPO"": 15}",HS_102,40.0,25.35403753241732,0.366149061689567,80.8,HIGH
13.0,77.611,13.0000048753937,77.61104555059055,"Robertson Road, Sri Ramakrishnappa Circle, Frazer Town, Bengaluru, Karnataka. Pin-560005 (India)",Pulikeshinagar(F.Town),508,0.7350393700787401,"{""SCOOTER"": 287, ""PASSENGER AUTO"": 96, ""MOTOR CYCLE"": 75, ""CAR"": 38, ""VAN"": 4}",HS_103,40.0,30.51286411354204,0.237178397161449,33.2,NORMAL
12.978,77.576,12.977727338568588,77.57586426341949,"Subedar Chatram Road, RK Puram, Gandhi Nagar, Bengaluru, Karnataka. Pin-560009 (India)",Upparpet,503,0.8135188866799204,"{""SCOOTER"": 217, ""MOTOR CYCLE"": 125, ""CAR"": 69, ""PASSENGER AUTO"": 56, ""PRIVATE BUS"": 9}",HS_104,40.0,28.810575853011784,0.2797356036747054,42.9,HIGH
12.958,77.701,12.95785036007984,77.70099251117765,"Marathahalli Underpass, Ashwath Nagar, Marathahalli, Bengaluru, Karnataka. Pin-560037 (India)",HAL Old Airport,501,0.6395209580838322,"{""SCOOTER"": 220, ""MOTOR CYCLE"": 190, ""CAR"": 56, ""MOPED"": 18, ""PASSENGER AUTO"": 10}",HS_105,40.0,27.748601156443442,0.30628497108891395,36.8,NORMAL
12.961,77.528,12.960918533888295,77.52791395149544,"4th Main Road, Sri Basaveshwara HBCS, Phase 1, Chandra Layout Stage 2, Bengaluru, Karnataka. Pin-560040 (India)",Byatarayanapura,494,0.5467611336032389,"{""SCOOTER"": 319, ""MOTOR CYCLE"": 146, ""CAR"": 16, ""PASSENGER AUTO"": 7, ""MOPED"": 4}",HS_106,40.0,32.45274662510675,0.1886813343723313,19.1,NORMAL
12.982,77.611,12.982319708536586,77.6105872941057,"Kamaraj Road, Sri Nagamma Devi Circle, Sivanchetti Gardens, Bengaluru, Karnataka. Pin-560042 (India)",Shivajinagar,492,1.1215447154471543,"{""PASSENGER AUTO"": 298, ""CAR"": 81, ""SCOOTER"": 80, ""MOTOR CYCLE"": 22, ""MAXI-CAB"": 6}",HS_107,40.0,27.260702461786224,0.3184824384553444,65.9,HIGH
12.983,77.607,12.982819514897958,77.60711059285714,"Aruna Chouhan Muduar Road, Tasker Town, Shivaji Nagar, Bengaluru, Karnataka. Pin-560001 (India)",Shivajinagar,490,0.5287755102040816,"{""SCOOTER"": 395, ""MOTOR CYCLE"": 80, ""PASSENGER AUTO"": 5, ""CAR"": 4, ""LGV"": 3}",HS_108,40.0,29.580193168741708,0.2604951707814573,25.3,NORMAL
12.997,77.548,12.997436129072167,77.54792607958764,"Padmabhushan Dr MC Modi Road, Phase 1, Manjunatha Nagar, Rajaji Nagar, Bengaluru, Karnataka. Pin-560010 (India)",Vijayanagara,485,0.8412371134020619,"{""SCOOTER"": 229, ""CAR"": 150, ""MOTOR CYCLE"": 87, ""JEEP"": 5, ""OTHERS"": 4}",HS_109,40.0,30.507211007050266,0.23731972482374336,36.3,NORMAL
13.185,77.68,13.184957165082643,77.67979432190083,"Unnamed Road, Begur Chikkanahalli, Bengaluru, Karnataka. Pin-562149 (India)",Chikkajala,484,1.653305785123967,"{""CAR"": 332, ""MAXI-CAB"": 149, ""HGV"": 1, ""LGV"": 1, ""JEEP"": 1}",HS_110,40.0,25.53512054102724,0.361621986474319,108.5,CRITICAL
13.072,77.588,13.071640272462046,77.58824458240166,"Sahakar Nagar Road, Olivia, Raintree Boulevard, Byatarayanapura, Bengaluru, Karnataka. Pin-560092 (India)",Kodigehalli,483,0.5855072463768116,"{""SCOOTER"": 270, ""MOTOR CYCLE"": 170, ""CAR"": 34, ""PASSENGER AUTO"": 8, ""LGV"": 1}",HS_111,40.0,32.01949128251739,0.19951271793706518,21.2,NORMAL
12.954,77.543,12.953692108021928,77.54299906051935,"Mysore Road, Satellite Bus Stand Junction, New Timber Yard Layout, Bengaluru, Karnataka. Pin-560026 (India)",Byatarayanapura,479,1.0359081419624216,"{""SCOOTER"": 147, ""PASSENGER AUTO"": 135, ""CAR"": 94, ""MOTOR CYCLE"": 56, ""MAXI-CAB"": 26}",HS_112,40.0,29.589672276475973,0.26025819308810066,48.4,HIGH
12.969,77.537,12.968717291969885,77.53709337947375,"1st Main Road, Police Quarters, Vijaya Nagar, Bengaluru, Karnataka. Pin-560040 (India)",Vijayanagara,479,0.6277661795407098,"{""SCOOTER"": 289, ""MOTOR CYCLE"": 129, ""CAR"": 46, ""PASSENGER AUTO"": 10, ""LORRY/GOODS VEHICLE"": 1}",HS_113,40.0,27.91131408594456,0.302217147851386,34.1,NORMAL
12.98,77.614,12.979936364300627,77.61386817682671,"Dickenson Road, Sivanchetti Gardens, Bengaluru, Karnataka. Pin-560042 (India)",Shivajinagar,479,1.4895615866388308,"{""CAR"": 416, ""PASSENGER AUTO"": 38, ""LGV"": 7, ""MAXI-CAB"": 6, ""MOTOR CYCLE"": 4}",HS_114,40.0,22.4487777226135,0.4387805569346625,117.4,CRITICAL
12.959,77.576,12.959322834883721,77.57612775877378,"Tippu Sultan Palace Road, Bangalore Medical College & Research Institute, Bengaluru, Karnataka. Pin-560002 (India)",City Market,473,1.3568710359408034,"{""LGV"": 125, ""SCOOTER"": 120, ""GOODS AUTO"": 92, ""PASSENGER AUTO"": 72, ""CAR"": 20}",HS_115,40.0,24.57257746093746,0.3856855634765635,92.8,HIGH
12.93,77.685,12.930126906970697,77.68516912545995,"Outer Ring Road, Saffron Square, Kariyammana Agrahara, Bengaluru, Karnataka. Pin-560103 (India)",HAL Old Airport,473,1.3253699788583506,"{""CAR"": 182, ""PASSENGER AUTO"": 165, ""MAXI-CAB"": 48, ""MOTOR CYCLE"": 33, ""SCOOTER"": 29}",HS_116,40.0,23.367736458873697,0.41580658852815755,97.8,HIGH
12.979,77.58,12.97889376362321,77.5797317083847,"2nd Main Road, Jakkarayana Kere, Gandhi Nagar, Bengaluru, Karnataka. Pin-560009 (India)",Upparpet,472,1.2709745762711864,"{""CAR"": 282, ""SCOOTER"": 83, ""MOTOR CYCLE"": 34, ""MAXI-CAB"": 21, ""PASSENGER AUTO"": 19}",HS_117,40.0,24.179467538605312,0.3955133115348672,89.0,HIGH
12.996,77.563,12.99628522987013,77.56316329935065,"4th Main Road, Nagappa Block, Srirampuram, Bengaluru, Karnataka. Pin-560021 (India)",Sheshadripuram,462,0.6255411255411255,"{""SCOOTER"": 305, ""MOTOR CYCLE"": 102, ""CAR"": 41, ""LGV"": 7, ""VAN"": 2}",HS_118,40.0,32.545579646683784,0.1863605088329054,20.2,NORMAL
13.048,77.576,13.04764734834437,77.57604704966887,"Bhadrappa Flyover, Nagashetty Halli, RMV Stage 2, Bengaluru, Karnataka. Pin-560094 (India)",Kodigehalli,453,0.7333333333333333,"{""MOTOR CYCLE"": 196, ""SCOOTER"": 162, ""CAR"": 28, ""PASSENGER AUTO"": 24, ""LGV"": 13}",HS_119,40.0,27.661646009060135,0.30845884977349664,38.4,NORMAL
12.982,77.612,12.982124154565701,77.61232894097996,"Gangadhara Chetty Road, Sri Nagamma Devi Circle, Sivanchetti Gardens, Bengaluru, Karnataka. Pin-560042 (India)",Shivajinagar,449,1.207795100222717,"{""CAR"": 264, ""SCOOTER"": 83, ""MOTOR CYCLE"": 44, ""PASSENGER AUTO"": 35, ""LGV"": 8}",HS_120,40.0,26.6294465485061,0.3342638362873475,68.0,HIGH
13.187,77.68,13.187075847991071,77.68026327812501,"Unnamed Road, Begur Chikkanahalli, Bengaluru, Karnataka. Pin-562149 (India)",Chikkajala,448,1.6037946428571428,"{""CAR"": 355, ""MAXI-CAB"": 93}",HS_121,40.0,22.377859069015624,0.4405535232746094,118.7,CRITICAL
12.971,77.598,12.9713080421875,77.59780876808036,"Walton Road, Walton Road Circle, Shanthala Nagar, Bengaluru, Karnataka. Pin-560001 (India)",Cubbon Park,448,1.022544642857143,"{""CAR"": 195, ""SCOOTER"": 136, ""MOTOR CYCLE"": 77, ""MAXI-CAB"": 15, ""PASSENGER AUTO"": 8}",HS_122,40.0,25.75195220045904,0.356201194988524,61.2,HIGH
12.993,77.589,12.993208756240147,77.58903982340577,"Palace Road, Thulasi Thottam, Vasant Nagar, Bengaluru, Karnataka. Pin-560001 (India)",High ground,444,0.7029279279279278,"{""SCOOTER"": 309, ""CAR"": 50, ""PASSENGER AUTO"": 42, ""MOTOR CYCLE"": 35, ""MAXI-CAB"": 3}",HS_123,40.0,31.41047915016882,0.21473802124577954,25.1,NORMAL
12.959,77.577,12.959104362962963,77.57693674004629,"Tippu Sultan Palace Road, Kalasipalyam, Bengaluru, Karnataka. Pin-560002 (India)",City Market,432,1.3476851851851852,"{""CAR"": 87, ""SCOOTER"": 87, ""PASSENGER AUTO"": 83, ""GOODS AUTO"": 55, ""LGV"": 53}",HS_124,40.0,28.606688452833943,0.2848327886791514,62.2,HIGH
12.976,77.575,12.97599078946136,77.57485719203747,"Major T Ramachandrappa Road, Elite Junction, Gandhi Nagar, Bengaluru, Karnataka. Pin-560009 (India)",Upparpet,427,1.5105386416861826,"{""CAR"": 130, ""PASSENGER AUTO"": 97, ""SCOOTER"": 49, ""LGV"": 40, ""MAXI-CAB"": 26}",HS_125,40.0,26.957389024748352,0.3260652743812912,78.9,HIGH
12.957,77.701,12.957068492368684,77.70104503340906,"HAL Airport Road, Marathahalli, Bengaluru, Karnataka. Pin-560037 (India)",HAL Old Airport,427,1.3791569086651054,"{""SCOOTER"": 138, ""BUS (BMTC/KSRTC)"": 110, ""MOTOR CYCLE"": 87, ""CAR"": 54, ""PASSENGER AUTO"": 15}",HS_126,40.0,26.603853268242464,0.3349036682939384,74.0,HIGH
12.974,77.547,12.97442710016059,77.54693791240194,"Chord Road, Sindhya Sunshine Apartment, Vijaya Nagar, Bengaluru, Karnataka. Pin-560040 (India)",Vijayanagara,426,0.5882629107981221,"{""SCOOTER"": 277, ""MOTOR CYCLE"": 111, ""CAR"": 30, ""PASSENGER AUTO"": 6, ""LGV"": 2}",HS_127,40.0,29.332911404465044,0.2666772148883739,25.1,NORMAL
13.013,77.554,13.012821544705885,77.55424654141176,"Chord Road, World Trade Centre, Brigade Gateway, Malleshwaram West, Bengaluru, Karnataka. Pin-560055 (India)",Malleshwaram,425,1.2058823529411764,"{""PASSENGER AUTO"": 171, ""CAR"": 93, ""SCOOTER"": 64, ""MAXI-CAB"": 42, ""MOTOR CYCLE"": 40}",HS_128,40.0,25.14811650046194,0.3712970874884515,71.4,HIGH
12.979,77.577,12.979110115384616,77.57718390048078,"5th Main Road, R Subanna Circle, Gandhi Nagar, Bengaluru, Karnataka. Pin-560001 (India)",Upparpet,416,1.1995192307692308,"{""CAR"": 203, ""SCOOTER"": 85, ""PASSENGER AUTO"": 48, ""MOTOR CYCLE"": 40, ""MAXI-CAB"": 22}",HS_129,40.0,30.473287216812857,0.23816781957967859,44.6,HIGH
12.928,77.581,12.928070789423076,77.58079279591347,"5th Main Road, Shri Vinayaka Circle, Jayanagar, Bengaluru, Karnataka. Pin-560011 (India)",Jayanagara,416,0.8204326923076923,"{""SCOOTER"": 221, ""CAR"": 126, ""MOTOR CYCLE"": 52, ""MOPED"": 8, ""PASSENGER AUTO"": 3}",HS_130,40.0,29.816016184534604,0.2545995953866349,32.6,NORMAL
13.005,77.685,13.005291240196073,77.6850538203162,"MBT Road, SM Layout, Dooravani Nagar, Bengaluru, Karnataka. Pin-560016 (India)",K.R. Pura,410,1.0453658536585366,"{""CAR"": 119, ""SCOOTER"": 107, ""MOTOR CYCLE"": 77, ""PASSENGER AUTO"": 76, ""TEMPO"": 15}",HS_131,40.0,29.066533981107327,0.2733366504723168,43.9,HIGH
12.936,77.616,12.936205989512196,77.61600607634146,"20th Main Road, Block 7, Koramangala, Bengaluru, Karnataka. Pin-560095 (India)",Adugodi,410,0.8378048780487805,"{""SCOOTER"": 180, ""CAR"": 107, ""MOTOR CYCLE"": 91, ""PASSENGER AUTO"": 14, ""MAXI-CAB"": 13}",HS_132,40.0,31.51485313717562,0.2121286715706095,27.3,NORMAL
12.97,77.607,12.970040689652306,77.60671788241424,"Markham Road, St Patricks Complex, Ashok Nagar, Bengaluru, Karnataka. Pin-560025 (India)",Ashok Nagar,408,0.6036764705882354,"{""SCOOTER"": 278, ""MOTOR CYCLE"": 83, ""CAR"": 35, ""MOPED"": 3, ""PASSENGER AUTO"": 3}",HS_133,40.0,33.586307795997904,0.1603423051000524,14.8,NORMAL
13.001,77.677,13.000762709504539,77.6770167243151,"MBT Road, Kotturu, Dooravani Nagar, Bengaluru, Karnataka. Pin-560016 (India)",Banaswadi,407,1.3614250614250611,"{""PASSENGER AUTO"": 212, ""CAR"": 150, ""MOTOR CYCLE"": 10, ""SCOOTER"": 9, ""MAXI-CAB"": 8}",HS_134,40.0,27.662808971578237,0.3084297757105441,64.1,HIGH
12.982,77.599,12.98188117413793,77.59882258571429,"Cunningham Road, Mantri Altiue Apartment, Shivaji Nagar, Bengaluru, Karnataka. Pin-560001 (India)",Shivajinagar,406,0.7761083743842365,"{""SCOOTER"": 232, ""CAR"": 74, ""MOTOR CYCLE"": 66, ""PASSENGER AUTO"": 15, ""MAXI-CAB"": 9}",HS_135,40.0,27.616041776524884,0.3095989555868779,36.6,NORMAL
12.98,77.61,12.980022690954774,77.60976545552764,"Kamaraj Road, Tyagi Henagalavarayan Junction, Sivanchetti Gardens, Bengaluru, Karnataka. Pin-560042 (India)",Shivajinagar,398,1.4801507537688443,"{""CAR"": 266, ""PASSENGER AUTO"": 76, ""MAXI-CAB"": 43, ""SCOOTER"": 6, ""JEEP"": 3}",HS_136,40.0,27.224282407875467,0.31939293980311334,70.6,HIGH
12.993,77.553,12.992983235516373,77.55282918438286,"17th Main Road, KPTCL Quarters, Block 2, Rajaji Nagar, Bengaluru, Karnataka. Pin-560010 (India)",Rajajinagar,397,1.6833753148614607,"{""CAR"": 205, ""MAXI-CAB"": 74, ""LGV"": 34, ""TEMPO"": 28, ""GOODS AUTO"": 19}",HS_137,40.0,24.862756269539805,0.37843109326150487,94.8,HIGH
12.964,77.718,12.96401931113924,77.71789461873418,"ITPL Main Road, Brigade Tech Gardens, Brookefield, Bengaluru, Karnataka. Pin-560037 (India)",HAL Old Airport,395,1.695443037974683,"{""MAXI-CAB"": 215, ""PASSENGER AUTO"": 78, ""CAR"": 63, ""LGV"": 17, ""SCOOTER"": 12}",HS_138,40.0,23.736386246628935,0.4065903438342766,102.1,CRITICAL
12.981,77.603,12.980792436412118,77.60310515205961,"Infantry Road, Prestige Central, Shivaji Nagar, Bengaluru, Karnataka. Pin-560001 (India)",Shivajinagar,393,0.9351145038167938,"{""SCOOTER"": 168, ""CAR"": 79, ""MOTOR CYCLE"": 54, ""PASSENGER AUTO"": 52, ""LGV"": 14}",HS_139,40.0,30.305722385724238,0.24235694035689406,33.4,NORMAL
13.0,77.678,13.000382756473451,77.67774934324869,"Outer Ring Road, Venkatappa Colony, Mahadevapura, Bengaluru, Karnataka. Pin-560016 (India)",Mahadevapura,391,1.4874680306905372,"{""CAR"": 204, ""PASSENGER AUTO"": 92, ""MAXI-CAB"": 54, ""MOTOR CYCLE"": 11, ""SCOOTER"": 6}",HS_140,40.0,23.445307503674236,0.4138673124081441,90.3,HIGH
12.999,77.569,12.999058651662404,77.56939794731457,"Siddavanahalli Krishna Sharma Road, Parisara Organic Junction, Malleshwaram, Bengaluru, Karnataka. Pin-560003 (India)",Malleshwaram,391,1.29616368286445,"{""CAR"": 239, ""PASSENGER AUTO"": 97, ""SCOOTER"": 37, ""MOTOR CYCLE"": 13, ""OTHERS"": 2}",HS_141,40.0,24.623316230347335,0.38441709424131665,73.1,HIGH
12.912,77.638,12.911970292802057,77.63810401516709,"14th Main Road, The Metropolitan Cooperative Housing Society, Sector 4, HSR Layout, Bengaluru, Karnataka. Pin-560102 (India)",HSR Layout,389,0.7210796915167095,"{""SCOOTER"": 160, ""MOTOR CYCLE"": 142, ""CAR"": 86, ""MOPED"": 1}",HS_142,40.0,32.281806225047816,0.19295484437380458,20.3,NORMAL
12.995,77.696,12.9952538285129,77.69621271333482,"Whitefield Road, Phoenix Marketcity, Dyavasandra Industrial Estate Phase 2, Mahadevapura, Bengaluru, Karnataka. Pin-560048 (India)",Mahadevapura,385,1.2696103896103894,"{""PASSENGER AUTO"": 261, ""CAR"": 97, ""SCOOTER"": 7, ""MOTOR CYCLE"": 7, ""MAXI-CAB"": 6}",HS_143,40.0,27.68450896464569,0.3078872758838577,56.4,HIGH
12.978,77.58,12.977750317493474,77.58008454386423,"1st Main Road, Jakkarayana Kere, Gandhi Nagar, Bengaluru, Karnataka. Pin-560009 (India)",Upparpet,383,1.4579634464751958,"{""CAR"": 255, ""SCOOTER"": 32, ""PASSENGER AUTO"": 24, ""LGV"": 17, ""MAXI-CAB"": 12}",HS_144,40.0,27.818730141099383,0.3045317464725154,63.8,HIGH
12.935,77.69,12.935144099878158,77.69028653013449,"Kariyammana Agrahara Road, Prestige Silver Crest, Kadubisanahalli, Bengaluru, Karnataka. Pin-560103 (India)",HAL Old Airport,383,0.848041775456919,"{""SCOOTER"": 185, ""MOTOR CYCLE"": 95, ""BUS (BMTC/KSRTC)"": 28, ""PASSENGER AUTO"": 20, ""MOPED"": 18}",HS_145,40.0,31.418957033735197,0.2145260741566201,26.1,NORMAL
12.961,77.578,12.961132995561359,77.57775002088773,"Kalasipalyam Main Road, Mothinagar, Kalasipalyam, Bengaluru, Karnataka. Pin-560002 (India)",City Market,383,0.9550913838120104,"{""SCOOTER"": 161, ""PASSENGER AUTO"": 67, ""MOTOR CYCLE"": 50, ""CAR"": 38, ""LGV"": 37}",HS_146,40.0,32.2916783158728,0.19270804210318,26.4,NORMAL
12.989,77.599,12.988983513456462,77.59900068021108,"Queens Road, Rajiv Gandhi Colony, Shivaji Nagar, Bengaluru, Karnataka. Pin-560051 (India)",Shivajinagar,379,1.070448548812665,"{""CAR"": 130, ""SCOOTER"": 125, ""PASSENGER AUTO"": 60, ""MOTOR CYCLE"": 29, ""MAXI-CAB"": 20}",HS_147,40.0,28.25711399612062,0.2935721500969845,44.7,HIGH
12.926,77.677,12.926140974670183,77.67674596200528,"Outer Ring Road, Bellandur Circle, Bellandur, Bengaluru, Karnataka. Pin-560103 (India)",Bellandur,379,1.445910290237467,"{""PASSENGER AUTO"": 125, ""CAR"": 120, ""MAXI-CAB"": 89, ""SCOOTER"": 20, ""MOTOR CYCLE"": 8}",HS_148,40.0,26.763925860626834,0.33090185348432916,68.0,HIGH
13.001,77.55,13.000977658201057,77.55022320687831,"19th Main Road, Block 1, Rajaji Nagar, Bengaluru, Karnataka. Pin-560010 (India)",Malleshwaram,378,1.161111111111111,"{""CAR"": 238, ""SCOOTER"": 94, ""MOTOR CYCLE"": 31, ""JEEP"": 4, ""PASSENGER AUTO"": 4}",HS_149,40.0,31.107627492500065,0.22230931268749837,36.6,NORMAL
12.998,77.549,12.997644428677868,77.54905222132292,"Padmabhushan Dr MC Modi Road, Phase 1, Manjunatha Nagar, Rajaji Nagar, Bengaluru, Karnataka. Pin-560010 (India)",Vijayanagara,378,0.7582010582010582,"{""SCOOTER"": 179, ""MOTOR CYCLE"": 81, ""CAR"": 65, ""PASSENGER AUTO"": 30, ""MOPED"": 15}",HS_150,40.0,32.02912121458033,0.1992719696354918,21.4,NORMAL
